Submission id,Participant id,Status,Started at,Completed at,Reviewed at,Archived at,Time taken,Completion code,Total approvals,Fluent languages,Age,Sex,Ethnicity simplified,Country of birth,Country of residence,Nationality,Language,Student status,Employment status
640cb218a93da14b166ce66b,c6e521a5-0831-4172-b8b2-66dfe945a24d,APPROVED,2023-03-11T16:53:44.623000Z,2023-03-11T17:05:47.258000Z,2023-03-11T17:05:47.776000,2023-03-11T17:05:47.718520Z,723,C18N4HK9,377,"Polish, English",48,Female,White,Poland,Poland,Poland,Polish,No,Full-Time
640cb2195cbcb6cb7782f0d2,4d862946-656c-48af-b081-f390b9cf0c26,APPROVED,2023-03-11T16:53:59.483000Z,2023-03-11T17:05:11.770000Z,2023-03-11T17:05:12.288000,2023-03-11T17:05:12.214161Z,673,C18N4HK9,17,"English, Portuguese",22,Male,White,Portugal,Portugal,Portugal,Portuguese,Yes,"Not in paid work (e.g. homemaker', 'retired or disabled)"
640cb21ef4195b9d7e2a767a,d61a7259-8fe1-4a98-8100-ad38997edec7,APPROVED,2023-03-11T16:53:51.741000Z,2023-03-11T16:57:08.730000Z,2023-03-11T16:57:09.210000,2023-03-11T16:57:09.146086Z,197,C18N4HK9,412,English,23,Female,White,United Kingdom,United Kingdom,United Kingdom,English,No,Full-Time
640cb238874d4e38282bec9b,898bcd3a-0873-44fd-8851-026ca4b72bbb,APPROVED,2023-03-11T16:54:35.218000Z,2023-03-11T17:11:03.422000Z,2023-03-11T17:11:04.135000,2023-03-11T17:11:04.057605Z,989,C18N4HK9,273,"Greek, English",24,Male,White,Greece,Greece,Greece,Greek,Yes,Unemployed (and job seeking)
640cb3183d9fc174e2a493a3,dddc42d1-3f72-4f37-b438-eea0cd14fca0,APPROVED,2023-03-11T16:58:00.928000Z,2023-03-11T17:06:41.209000Z,2023-03-11T17:06:41.944000,2023-03-11T17:06:41.860476Z,521,C18N4HK9,158,"English, Portuguese",20,Male,White,Portugal,Portugal,Portugal,Portuguese,Yes,Unemployed (and job seeking)
640cb890d78694f3cbd946d1,5e5ff6ed-c345-44c6-b0d9-2908fdff41a2,APPROVED,2023-03-11T17:21:24.750000Z,2023-03-11T17:42:31.439000Z,2023-03-11T17:42:32.101000,2023-03-11T17:42:32.040189Z,1267,C18N4HK9,470,"Polish, English",43,Male,White,Poland,Poland,Poland,Polish,DATA_EXPIRED,DATA_EXPIRED
640cb8a92df044de2b86b5ca,778a425d-4d3a-48c4-b9fc-3d5c9db2575b,APPROVED,2023-03-11T17:21:45.168000Z,2023-03-11T17:30:28.028000Z,2023-03-11T17:30:28.484000,2023-03-11T17:30:28.420696Z,523,C18N4HK9,180,English,22,Female,Black,South Africa,South Africa,South Africa,English,Yes,Other
640cb8ac800c0a7b19558909,5af072f1-3725-4be7-8adb-81aa58cae1ae,APPROVED,2023-03-11T17:21:48.776000Z,2023-03-11T17:35:12.937000Z,2023-03-11T17:35:13.437000,2023-03-11T17:35:13.375888Z,805,C18N4HK9,178,"Portuguese, English, Spanish",22,Female,White,Portugal,Portugal,Portugal,Portuguese,Yes,Other
640cb8af270ca7fbe0417636,642cbf31-4a02-4684-bf57-66736ad663e8,APPROVED,2023-03-11T17:22:01.972000Z,2023-03-11T17:27:48.360000Z,2023-03-11T17:27:48.970000,2023-03-11T17:27:48.905307Z,347,C18N4HK9,371,"English, Portuguese",47,Male,White,Portugal,United Kingdom,Portugal,Portuguese,No,Full-Time
640cb8b1ddb3e3d1f1cb62ad,50d55800-34bb-4277-b928-141caf6f3675,APPROVED,2023-03-11T17:22:57.401000Z,2023-03-11T17:34:42.614000Z,2023-03-11T17:34:48.728000,2023-03-11T17:34:48.628527Z,706,C18N4HK9,214,"Portuguese, English, Spanish",20,Female,White,Portugal,Portugal,Portugal,Portuguese,Yes,Other
640cc3954d53622c1fcb62a1,03c7c8be-91dd-4fb3-9a93-f214f1c456b2,APPROVED,2023-03-11T18:08:21.152000Z,2023-03-11T18:22:55.582000Z,2023-03-11T18:22:55.987000,2023-03-11T18:22:55.921763Z,875,C18N4HK9,663,"English, Finnish",39,Female,White,Finland,Finland,Finland,Finnish,DATA_EXPIRED,DATA_EXPIRED
640cc3babdb6f2d9f34c7a74,3a4124d9-7d96-4a60-bcfb-68b04e7fb661,APPROVED,2023-03-11T18:08:58.838000Z,2023-03-11T18:17:15.210000Z,2023-03-11T18:17:15.666000,2023-03-11T18:17:15.602924Z,497,C18N4HK9,175,English,34,Male,Black,Nigeria,South Africa,Nigeria,English,No,Full-Time
640cc3d76d2aec57408c66d5,1d6ced76-1b9f-47fd-b648-3a67d75dde2e,APPROVED,2023-03-11T18:09:35.078000Z,2023-03-11T18:27:07.703000Z,2023-03-13T08:52:52.785000,2023-03-11T18:27:08.082279Z,1053,NOCODE,120,"Afrikaans, English",34,Male,Black,South Africa,South Africa,South Africa,English,No,Due to start a new job within the next month
640cc3dcd00c1740e4d5a1ae,77fa1ec7-9573-4b5d-9964-cd1ca84f0191,APPROVED,2023-03-11T18:09:38.785000Z,2023-03-11T18:42:12.830000Z,2023-03-11T18:42:13.264000,2023-03-11T18:42:13.197917Z,1955,C18N4HK9,107,"English, Polish",20,Female,White,Poland,Poland,Poland,Polish,Yes,Other
640cc3df2332b15151d51214,1a4d9c4b-6030-48b3-bfd7-4676d7e974d1,APPROVED,2023-03-11T18:12:12.139000Z,2023-03-11T18:35:48.288000Z,2023-03-11T18:35:48.787000,2023-03-11T18:35:48.722628Z,1417,C18N4HK9,117,English,21,Male,Black,South Africa,South Africa,South Africa,English,Yes,Other
640cc6a705f29024344dd05f,bc7cf8e3-3a43-4a8a-899b-12b160c3dfe2,APPROVED,2023-03-11T18:21:27.204000Z,2023-03-11T18:30:47.614000Z,2023-03-11T18:30:48.135000,2023-03-11T18:30:48.053730Z,561,C18N4HK9,489,"Portuguese, English",27,Female,White,Portugal,Portugal,Portugal,Portuguese,Yes,Full-Time
640cc6abafbc16708af4a729,85d68a06-7cef-41ee-9d61-83f6bdd17a5b,APPROVED,2023-03-11T18:21:31.509000Z,2023-03-11T18:29:54.730000Z,2023-03-11T18:29:55.140000,2023-03-11T18:29:55.079607Z,504,C18N4HK9,246,"English, Hungarian, French",25,Male,White,Hungary,Hungary,Hungary,Hungarian,No,Full-Time
640cc6ac373ce26aef82f068,3f871e52-8664-4df6-a9e6-0cb2553b38e9,APPROVED,2023-03-11T18:21:32.315000Z,2023-03-11T18:29:52.661000Z,2023-03-11T18:29:53.106000,2023-03-11T18:29:53.045620Z,501,C18N4HK9,317,"English, Polish",24,Female,White,Poland,Poland,Poland,Polish,No,Unemployed (and job seeking)
640cc6ac570282ba30af9eab,b5bf68f3-e846-4278-8bb6-2e2ee7f75a4a,APPROVED,2023-03-11T18:21:32.248000Z,2023-03-11T18:28:20.240000Z,2023-03-11T18:28:20.868000,2023-03-11T18:28:20.787184Z,408,C18N4HK9,250,"English, Hungarian",24,Male,White,Hungary,Hungary,Hungary,Hungarian,Yes,Unemployed (and job seeking)
640cc6ac866cc8b039c94713,f3812f90-c2bc-4fe6-9b19-e0341371c6de,APPROVED,2023-03-11T18:22:49.505000Z,2023-03-11T18:35:45.903000Z,2023-03-11T18:35:46.393000,2023-03-11T18:35:46.311351Z,777,C18N4HK9,171,"English, Hindi",24,Male,Asian,India,Germany,India,Hindi,Yes,Other
640cc6ae6180ef84add946ba,0784c99f-b5e5-4804-8677-afdfce7487dd,APPROVED,2023-03-11T18:21:34.894000Z,2023-03-11T18:31:45.398000Z,2023-03-11T18:31:45.878000,2023-03-11T18:31:45.805270Z,611,C18N4HK9,267,"Spanish, English",37,Male,Other,Mexico,Mexico,Mexico,Spanish,Yes,Part-Time
640cc6aea0a72ef59656a4a1,81a69e56-3243-4b0f-ac90-5d9848511be9,APPROVED,2023-03-11T18:21:34.508000Z,2023-03-11T18:25:12.458000Z,2023-03-11T18:25:12.942000,2023-03-11T18:25:12.886505Z,218,C18N4HK9,650,"Italian, English",35,Male,White,Italy,Italy,Italy,Italian,No,Full-Time
640cc6b11a730ec0c96d3590,020c669f-3fcf-4fe1-87ef-c91557b8178a,APPROVED,2023-03-11T18:21:37.947000Z,2023-03-11T18:29:33.361000Z,2023-03-11T18:29:34.041000,2023-03-11T18:29:33.963790Z,476,C18N4HK9,15,"English, Portuguese",22,Female,White,Portugal,Portugal,Portugal,Portuguese,Yes,Unemployed (and job seeking)
640cc6b2515c3fa275011084,a3f6e3fd-b776-47e4-8173-e6d2e49f6032,APPROVED,2023-03-11T18:21:43.981000Z,2023-03-11T18:27:32.444000Z,2023-03-11T18:27:32.886000,2023-03-11T18:27:32.823530Z,349,C18N4HK9,139,"English, Portuguese",28,Female,White,Portugal,Portugal,Portugal,Portuguese,No,Full-Time
640cc6b3fc9817aedb9d4e18,8dd4227b-c587-4b43-8619-f1f9d1ce6e05,APPROVED,2023-03-11T18:21:39.936000Z,2023-03-11T18:50:13.140000Z,2023-03-11T18:50:13.597000,2023-03-11T18:50:13.535195Z,1714,C18N4HK9,267,"English, Polish",22,Female,White,Poland,Poland,Poland,Polish,Yes,Other
640ccb420d411e4c0fdb3c75,731c198f-d394-4c95-8951-67cfaf30d818,APPROVED,2023-03-11T18:41:31.786000Z,2023-03-11T18:49:00.668000Z,2023-03-11T18:49:01.124000,2023-03-11T18:49:01.062872Z,449,C18N4HK9,249,"Greek, English, French",21,Female,White,Greece,Greece,Greece,Greek,Yes,Unemployed (and job seeking)
640ccb44f7b17d054882f0bb,a3d89d3d-40dd-42fb-8ef8-7ff22027fb77,APPROVED,2023-03-11T18:41:20.811000Z,2023-03-11T18:50:02.967000Z,2023-03-11T18:50:03.470000,2023-03-11T18:50:03.409204Z,523,C18N4HK9,274,"English, Latvian, Russian",21,Female,White,Latvia,Latvia,Latvia,Latvian,Yes,Part-Time
640ccb46fd9a3fef7be29b0f,c6720fce-2983-4290-b004-3d7c42d3eca5,APPROVED,2023-03-11T18:41:10.708000Z,2023-03-11T18:46:16.389000Z,2023-03-11T18:46:16.837000,2023-03-11T18:46:16.779210Z,306,C18N4HK9,713,"English, Spanish",25,Female,White,Spain,Spain,Spain,Spanish,DATA_EXPIRED,DATA_EXPIRED
640ccb4881527e285dcb629e,a915d1b0-9bfe-4d0a-85b3-5426f378edac,APPROVED,2023-03-11T18:45:02.880000Z,2023-03-11T18:55:01.460000Z,2023-03-11T18:55:01.955000,2023-03-11T18:55:01.885029Z,599,C18N4HK9,326,"German, English, Tamil",27,Female,Asian,Austria,Austria,Austria,English,Yes,Unemployed (and job seeking)
640ccb4bc1fac8784aa9ebfa,78a666db-c792-46fe-bab6-e0bf92a026f9,APPROVED,2023-03-11T18:41:15.074000Z,2023-03-11T18:50:19.430000Z,2023-03-11T18:50:19.927000,2023-03-11T18:50:19.867959Z,545,C18N4HK9,449,"English, Italian",44,Female,White,Italy,Italy,Italy,Italian,No,Full-Time
640ccb4df5303baa18af9edd,d3207db7-8e7a-44d7-a00c-c45ef92b5dc3,APPROVED,2023-03-11T18:41:17.212000Z,2023-03-11T18:51:50.280000Z,2023-03-11T18:51:51.115000,2023-03-11T18:51:51.047171Z,634,C18N4HK9,308,"English, French, German, Polish",21,Female,White,Poland,Poland,Poland,Polish,DATA_EXPIRED,DATA_EXPIRED
640ccb5b38c1c86ed8756353,6b047161-f890-44b3-994b-eb46f0653b32,APPROVED,2023-03-11T18:41:31.060000Z,2023-03-11T18:51:19.613000Z,2023-03-11T18:51:20.039000,2023-03-11T18:51:19.976153Z,589,C18N4HK9,124,"English, Portuguese",23,Male,White,Portugal,Portugal,Portugal,Portuguese,Yes,Full-Time
640ccb744acdc884dda49353,0e67f8b4-3c42-43aa-bced-d8cda63fc5eb,APPROVED,2023-03-11T18:42:16.794000Z,2023-03-11T18:51:48.808000Z,2023-03-11T18:51:49.362000,2023-03-11T18:51:49.297350Z,573,C18N4HK9,94,English,21,Male,White,South Africa,South Africa,South Africa,English,Yes,DATA_EXPIRED
640ccb9424467b2dd5e501de,56405fd0-e189-4028-8b13-b0c3fef209c5,APPROVED,2023-03-11T18:42:28.742000Z,2023-03-11T19:11:23.933000Z,2023-03-11T19:11:24.511000,2023-03-11T19:11:24.450757Z,1736,C18N4HK9,411,"English, Polish",26,Male,White,Poland,Poland,Poland,Polish,No,Full-Time
640cccddea603b028f13fabd,b25e2c92-e785-4390-8fd7-5dc4e2cc7d7c,APPROVED,2023-03-11T18:48:18.472000Z,2023-03-11T19:10:29.676000Z,2023-03-11T19:10:30.095000,2023-03-11T19:10:30.038733Z,1332,C18N4HK9,195,"Afrikaans, English",20,Male,Mixed,South Africa,South Africa,South Africa,English,Yes,Unemployed (and job seeking)
640cd04f3aaa4663b1bf83cb,c8389cf4-e354-48f7-843c-c868063be021,APPROVED,2023-03-11T19:03:24.213000Z,2023-03-11T19:07:26.945000Z,2023-03-11T19:07:27.429000Z,2023-03-11T19:07:27.598871Z,243,C18N4HK9,254,"English, Portuguese, Spanish",26,Male,White,Portugal,Portugal,Portugal,Portuguese,Yes,Full-Time
640cd051f8340b9b82bf839c,cba508d2-72de-4b76-9d60-1b9a34427b8a,APPROVED,2023-03-11T19:02:42.768000Z,2023-03-11T19:08:26.599000Z,2023-03-11T19:08:27.051000,2023-03-11T19:08:26.989464Z,344,C18N4HK9,791,"English, Portuguese",29,Male,White,Portugal,Portugal,Portugal,Portuguese,Yes,Full-Time
640cd052e69c8bcf43ef935f,7eb455c6-d00c-476a-aa1a-369790416db8,APPROVED,2023-03-11T19:03:41.285000Z,2023-03-11T19:21:00.824000Z,2023-03-11T19:21:01.342000,2023-03-11T19:21:01.271279Z,1040,C18N4HK9,65,"English, Afrikaans",21,Male,Mixed,South Africa,South Africa,South Africa,English,Yes,Unemployed (and job seeking)
640cd0543be9d3c78b722027,f26c66dc-117e-449d-8cb9-4e1fa79d6504,APPROVED,2023-03-11T19:02:44.935000Z,2023-03-11T19:09:53.363000Z,2023-03-11T19:09:53.875000,2023-03-11T19:09:53.797900Z,429,C18N4HK9,386,English,26,Male,White,Greece,Greece,Greece,Greek,No,Part-Time
640cd0546ffbc726151a169d,09bba4d9-b967-467a-8130-ddf46356ad55,APPROVED,2023-03-11T19:02:44.367000Z,2023-03-11T19:12:27.590000Z,2023-03-11T19:12:29.438000,2023-03-11T19:12:29.376660Z,584,C18N4HK9,62,"Japanese, English, Polish",21,Male,White,Poland,Poland,Poland,Polish,Yes,DATA_EXPIRED
640cd05ecb6a981651cb62fb,c825d6be-8f13-4e91-bd83-1fed4280b69f,APPROVED,2023-03-11T19:03:16.772000Z,2023-03-11T19:14:42.071000Z,2023-03-11T19:14:42.554000,2023-03-11T19:14:42.496127Z,686,C18N4HK9,241,"Portuguese, English, Spanish",25,Female,Mixed,Portugal,Portugal,Portugal,Portuguese,No,Full-Time
640cd06518314deeca01106b,b98ed816-508b-426a-be77-eb0f58055f48,APPROVED,2023-03-11T19:03:01.867000Z,2023-03-11T19:11:17.376000Z,2023-03-11T19:11:17.978000,2023-03-11T19:11:17.899884Z,496,C18N4HK9,233,"Portuguese, English",20,Female,White,Portugal,Portugal,Portugal,Portuguese,Yes,Other
640cd06f3f9f9b9644756361,f0f0793a-6153-4164-8cf1-9ad659e86e1a,APPROVED,2023-03-11T19:03:43.463000Z,2023-03-11T19:25:12.260000Z,2023-03-11T19:25:12.715000,2023-03-11T19:25:12.649663Z,1289,C18N4HK9,291,English,20,Female,Black,South Africa,South Africa,South Africa,English,Yes,"Not in paid work (e.g. homemaker', 'retired or disabled)"
640cd34cb7174fc20ff4a70d,88070009-b291-42eb-9b14-a61ffca57af5,APPROVED,2023-03-11T19:18:39.642000Z,2023-03-11T19:36:52.647000Z,2023-03-11T19:36:53.226000,2023-03-11T19:36:53.162783Z,1094,C18N4HK9,731,"English, Spanish",48,Male,White,Spain,Spain,Spain,Spanish,No,Full-Time
640cd3524ee2ac65a16d3584,c1a745c1-51e1-411c-8f48-af7e8fb5d2a8,APPROVED,2023-03-11T19:15:33.874000Z,2023-03-11T19:22:57.053000Z,2023-03-11T19:22:57.545000,2023-03-11T19:22:57.486948Z,444,C18N4HK9,187,English,23,Male,Mixed,Portugal,Portugal,Portugal,Portuguese,No,Full-Time
640cd353079368cc938c666b,59067d43-8479-43ce-833c-c285eeb9b641,APPROVED,2023-03-11T19:15:31.617000Z,2023-03-11T19:30:17.098000Z,2023-03-11T19:30:17.860000,2023-03-11T19:30:17.799969Z,886,C18N4HK9,399,"Czech, English",22,Male,White,Czech Republic,Czech Republic,Czech Republic,Czech,Yes,Part-Time
640cd35335712995dacb62cb,8a72ea2f-45d4-4451-ade5-d28f5f170d58,APPROVED,2023-03-11T19:15:33.296000Z,2023-03-11T19:20:18.015000Z,2023-03-11T19:20:18.494000,2023-03-11T19:20:18.435405Z,285,C18N4HK9,451,"Dutch, English, French, German",22,Male,White,Belgium,Belgium,Belgium,Dutch,Yes,Other
640cd35559bbf3469abcd3dc,4741a446-86d4-4538-ad4a-49574ef50217,APPROVED,2023-03-11T19:15:32.998000Z,2023-03-11T19:20:40.534000Z,2023-03-11T19:20:40.985000,2023-03-11T19:20:40.925020Z,308,C18N4HK9,274,"English, Greek",31,Male,White,Greece,Greece,Greece,Greek,No,Full-Time
640cd355bec56c57c792d733,c128bfd5-7704-4c3a-acb8-bc29d706f205,APPROVED,2023-03-11T19:15:33.544000Z,2023-03-11T19:42:33.026000Z,2023-03-11T19:42:33.463000,2023-03-11T19:42:33.399894Z,1620,C18N4HK9,179,English,22,Female,Black,South Africa,South Africa,South Africa,English,Yes,Part-Time
640cd357e7b331a61de29ac7,8ede123c-4b5e-4880-8097-ced36f129d3e,APPROVED,2023-03-11T19:15:54.713000Z,2023-03-11T19:25:42.516000Z,2023-03-11T19:25:43.347000,2023-03-11T19:25:43.286645Z,588,C18N4HK9,163,English,23,Female,Black,South Africa,South Africa,South Africa,English,Yes,Part-Time
640cd3585e7320ac5e1a16e4,47db3f71-ef4f-498d-bee7-f4ff654e0725,APPROVED,2023-03-11T19:15:38.191000Z,2023-03-11T19:23:30.685000Z,2023-03-11T19:23:31.280000,2023-03-11T19:23:31.218324Z,473,C18N4HK9,373,"German, Polish, English",25,Female,White,Poland,Poland,Poland,Polish,No,Unemployed (and job seeking)
640cd35a5328f027d5fa4f2d,7e630885-867e-4689-ad21-9e6e576a4b51,APPROVED,2023-03-11T19:15:38.560000Z,2023-03-11T19:22:00.270000Z,2023-03-11T19:22:00.725000,2023-03-11T19:22:00.662833Z,382,C18N4HK9,676,"Catalan, English, Italian, Spanish, French",26,Female,White,Spain,Spain,Spain,Catalan,Yes,Part-Time
640cd35c3668f724b74dd0a9,48efbbf0-1b24-44cc-bdb9-1cbfc78ef2e1,APPROVED,2023-03-11T19:15:44.520000Z,2023-03-11T19:22:29.740000Z,2023-03-11T19:22:30.218000,2023-03-11T19:22:30.148960Z,406,C18N4HK9,612,"English, Spanish",27,Female,White,United Kingdom,United Kingdom,United Kingdom,English,No,DATA_EXPIRED
640cd35ceb41f8e2b8a554e8,7b9a7a9c-6a81-45c3-ab29-43357f37c201,APPROVED,2023-03-11T19:15:40.030000Z,2023-03-11T19:20:02.340000Z,2023-03-11T19:20:03.246000,2023-03-11T19:20:03.169456Z,263,C18N4HK9,158,"English, Portuguese",25,Female,White,Portugal,Portugal,Portugal,Portuguese,Yes,Other
640cd8f52aeaa0b53fe5469d,1200c538-0571-45a4-a65c-b710a1503e75,APPROVED,2023-03-11T19:44:37.634000Z,2023-03-11T20:01:43.559000Z,2023-03-11T20:01:43.958000,2023-03-11T20:01:43.895665Z,1026,C18N4HK9,380,"Polish, English",22,Male,White,Poland,Poland,Poland,Polish,Yes,Other
640cd8f7074ce4faaaccdd91,f08b6fb2-4b57-4e00-be60-5cfccf824f71,APPROVED,2023-03-11T19:40:10.780000Z,2023-03-11T19:54:14.059000Z,2023-03-11T19:54:14.554000,2023-03-11T19:54:14.482962Z,844,C18N4HK9,210,English,21,Female,Black,South Africa,South Africa,South Africa,English,Yes,Full-Time
640cd8f87fc1210b76c946f0,8a383bce-3171-47d4-bdf5-64bc47e9b396,APPROVED,2023-03-11T19:40:02.715000Z,2023-03-11T19:45:17.860000Z,2023-03-11T19:45:22.732000,2023-03-11T19:45:22.726604Z,316,C18N4HK9,294,"Portuguese, English",21,Male,White,Portugal,Portugal,Portugal,Portuguese,Yes,Part-Time
640cd8f95fa3a95c792beccb,a4dcdcbf-f07d-485a-936e-20bd4c3a4cd7,APPROVED,2023-03-11T19:39:49.420000Z,2023-03-11T19:45:56.560000Z,2023-03-11T19:45:59.055000Z,2023-03-11T19:45:59.187371Z,368,C18N4HK9,722,"German, Greek, English",31,Male,White,Greece,Greece,Greece,Greek,No,Full-Time
640cd8f97889875b3daf9e92,d0ebe71d-ba8e-46d7-a324-18a929fc4928,APPROVED,2023-03-11T19:39:37.638000Z,2023-03-11T19:58:01.847000Z,2023-03-11T19:58:02.290000,2023-03-11T19:58:02.207355Z,1105,C18N4HK9,418,English,33,Male,White,United Kingdom,United Kingdom,United Kingdom,English,No,Full-Time
640cd8fbbffcffc47eccdd73,6ce36328-94a3-47c6-969f-82e1ee6c6d82,APPROVED,2023-03-11T19:39:51.977000Z,2023-03-11T19:46:52.630000Z,2023-03-11T19:46:53.147000,2023-03-11T19:46:53.061723Z,421,C18N4HK9,452,"French, English",27,Female,White,France,United Kingdom,France,French,No,Part-Time
640cd8fbc0524ca37bccdd67,30463a02-2018-4526-b990-e98c6505f52a,APPROVED,2023-03-11T19:39:53.213000Z,2023-03-11T19:48:47.883000Z,2023-03-11T19:48:48.400000,2023-03-11T19:48:48.326952Z,535,C18N4HK9,719,"English, Italian",26,Female,White,Italy,Italy,Italy,Italian,No,DATA_EXPIRED
640cd8fbcd056760b0cb62a9,e7bb73c8-a7a2-4d64-ae49-d4ad6d3e6fea,APPROVED,2023-03-11T19:40:53.212000Z,2023-03-11T19:59:35.881000Z,2023-03-11T19:59:36.306000,2023-03-11T19:59:36.244281Z,1123,C18N4HK9,272,English,23,Female,Black,South Africa,South Africa,South Africa,English,No,Unemployed (and job seeking)
640cd8fd9ba13bb3940c79de,b87af77c-a7b5-41aa-82a6-dd91959a9d13,APPROVED,2023-03-11T19:39:41.642000Z,2023-03-11T19:50:17.779000Z,2023-03-11T19:50:18.252000,2023-03-11T19:50:18.183900Z,637,C18N4HK9,478,"English, Spanish",28,Female,Mixed,Mexico,Mexico,Mexico,Spanish,DATA_EXPIRED,DATA_EXPIRED
640cd9a6dc02c375d1f4a72f,e5639ec2-c284-4916-aa24-46149c5fae0a,APPROVED,2023-03-11T19:42:30.975000Z,2023-03-11T19:54:40.686000Z,2023-03-11T19:54:41.114000,2023-03-11T19:54:41.054887Z,730,C18N4HK9,502,"Portuguese, Spanish, English, Italian",29,Male,White,Portugal,Portugal,Portugal,Portuguese,No,Part-Time
640cda4781ab2af7154175fc,30043d00-c474-421c-a5a0-e5c9eb5914a6,APPROVED,2023-03-11T19:45:14.532000Z,2023-03-11T19:56:58.019000Z,2023-03-11T19:56:58.533000,2023-03-11T19:56:58.457850Z,704,C18N4HK9,147,"Portuguese, English",21,Female,White,Portugal,Portugal,Portugal,Portuguese,Yes,Due to start a new job within the next month
640ce132605dcb1bf3e29ae3,cdbee915-68c9-43b8-b7df-5a3b20661b5c,APPROVED,2023-03-11T20:16:20.393000Z,2023-03-11T20:23:25.036000Z,2023-03-11T20:23:25.498000,2023-03-11T20:23:25.437624Z,425,C18N4HK9,587,"English, Polish",48,Male,White,Poland,Poland,Poland,Polish,No,Full-Time
640ce133b3d58b8f9f756375,4a8dd110-f615-484a-96ef-d4032de70634,APPROVED,2023-03-11T20:16:00.704000Z,2023-03-11T20:26:52.006000Z,2023-03-11T20:26:52.526000,2023-03-11T20:26:52.467642Z,652,C18N4HK9,1115,"Hungarian, English",33,Male,White,Hungary,Hungary,Hungary,Hungarian,No,Full-Time
640ce1355d66c0bb14fa4ebc,3cf74519-c1ce-447e-9f47-fb93d0159759,APPROVED,2023-03-11T20:14:50.446000Z,2023-03-11T20:20:49.396000Z,2023-03-11T20:20:49.866000,2023-03-11T20:20:49.793531Z,359,C18N4HK9,809,"English, Hindi",23,Male,Asian,India,Canada,Canada,Hindi,Yes,Part-Time
640ce1359b78014ed6bcd3b9,7981a014-ac3c-49e4-a0db-3eece46b85d4,APPROVED,2023-03-11T20:15:09.793000Z,2023-03-11T20:19:18.270000Z,2023-03-11T20:19:18.752000,2023-03-11T20:19:18.691442Z,249,C18N4HK9,60,English,21,Male,Mixed,United Kingdom,United Kingdom,United Kingdom,English,Yes,Unemployed (and job seeking)
640ce135bd0ff719bf2becda,1b0c60a9-2b22-4fc8-a90e-e9c387d255b8,APPROVED,2023-03-11T20:14:47.783000Z,2023-03-11T20:22:42.634000Z,2023-03-11T20:22:43.080000,2023-03-11T20:22:42.999134Z,475,C18N4HK9,1217,"Russian, English, Ukrainian, Hebrew",43,Male,White,Ukraine,United Kingdom,Ukraine,Russian,Yes,Part-Time
640ce14664330736d78c66b0,20468f88-abee-4a69-8670-80e3666ded45,APPROVED,2023-03-11T20:16:23.978000Z,2023-03-11T20:30:57.780000Z,2023-03-11T20:30:58.415000,2023-03-11T20:30:58.353250Z,874,C18N4HK9,401,English,62,Male,White,United Kingdom,United Kingdom,United Kingdom,English,DATA_EXPIRED,DATA_EXPIRED
640ce150da4e1935722bec73,7b24fc87-6377-4a38-95c4-2fedb0ec8ca0,APPROVED,2023-03-11T20:15:12.758000Z,2023-03-11T20:41:50.360000Z,2023-03-11T20:41:50.840000,2023-03-11T20:41:50.766287Z,1598,C18N4HK9,164,"Afrikaans, English",34,Female,Asian,South Africa,South Africa,South Africa,English,Yes,Full-Time
640ce164ad208591084be5ec,495732f4-d1bc-4608-abe4-d38855ede69c,APPROVED,2023-03-11T20:15:37.398000Z,2023-03-11T20:26:22.180000Z,2023-03-13T08:52:54.953000,2023-03-11T20:26:22.746674Z,645,NOCODE,454,"Hungarian, English",23,Female,White,Hungary,United Kingdom,United Kingdom,English,DATA_EXPIRED,DATA_EXPIRED
640ce170632da0ae262becaf,5b2205bd-33f7-4200-b348-f1736b862821,APPROVED,2023-03-11T20:15:44.669000Z,2023-03-11T20:26:54.352000Z,2023-03-11T20:26:54.898000,2023-03-11T20:26:54.819329Z,670,C18N4HK9,78,English,22,Female,Black,South Africa,South Africa,South Africa,English,Yes,Part-Time
640ce187e820874b0156a4c0,e200b3a0-bf4d-4464-8019-aad31c65d3a9,APPROVED,2023-03-11T20:16:10.231000Z,2023-03-11T20:21:51.266000Z,2023-03-11T20:21:51.730000,2023-03-11T20:21:51.654195Z,342,C18N4HK9,640,"Arabic, English",24,Female,Other,United Kingdom,United Kingdom,United Kingdom,English,DATA_EXPIRED,DATA_EXPIRED
640ce18c0af54cc78bf2e2a1,b1e52807-6341-40a3-85f1-de04c6021ff5,APPROVED,2023-03-11T20:16:18.342000Z,2023-03-11T20:45:15.293000Z,2023-03-11T20:45:15.730000,2023-03-11T20:45:15.662315Z,1737,C18N4HK9,313,English,27,Female,Black,Zimbabwe,South Africa,Zimbabwe,English,No,Full-Time
640ce18d4a7e13ebebaf9ea4,442b5733-ed44-4041-a97c-bb80842222fe,APPROVED,2023-03-11T20:16:25.677000Z,2023-03-11T20:26:05.051000Z,2023-03-11T20:26:05.459000,2023-03-11T20:26:05.396036Z,580,C18N4HK9,33,"Polish, English",30,Female,White,Poland,Poland,Poland,Polish,No,Full-Time
640ce19ad200283bb182f07d,f29fd3ea-db8d-4c93-943a-c92037cc9943,APPROVED,2023-03-11T20:16:29.829000Z,2023-03-11T20:28:43.318000Z,2023-03-11T20:28:44.061000,2023-03-11T20:28:43.987737Z,734,C18N4HK9,157,"English, Portuguese, Spanish",21,Female,White,Spain,Portugal,Spain,Spanish,Yes,Other
640ce1ecd1fe53bb04f5fac3,9622916d-a400-427b-a619-a8284483ec02,APPROVED,2023-03-11T20:18:06.446000Z,2023-03-11T20:32:07.064000Z,2023-03-11T20:32:07.511000,2023-03-11T20:32:07.454840Z,841,C18N4HK9,35,"English, Polish",22,Male,White,Poland,Poland,Poland,Polish,Yes,Part-Time
640ce54d2c5c888158bf8390,9d6ea405-5a78-4547-ae9c-37338b2e9807,APPROVED,2023-03-11T20:32:13.202000Z,2023-03-11T20:45:36.406000Z,2023-03-11T20:45:36.916000,2023-03-11T20:45:36.850536Z,804,C18N4HK9,1386,"English, Spanish, Italian, French",55,Male,White,Italy,Italy,Italy,Italian,No,Full-Time
640ce54e50f94f2c14721fe9,91d30c3f-8f3a-4af4-8164-68b60d62ce50,APPROVED,2023-03-11T20:32:14.385000Z,2023-03-11T20:46:11.575000Z,2023-03-11T20:46:12.009000,2023-03-11T20:46:11.950320Z,838,C18N4HK9,428,"Polish, English",27,Male,White,Poland,Poland,Poland,Polish,No,Unemployed (and job seeking)
640ce54f0c8748fd30c94700,a7647b6b-1321-4175-a0c4-98e7cb2cfcad,APPROVED,2023-03-11T20:36:38.223000Z,2023-03-11T20:56:49.366000Z,2023-03-11T20:56:50.413000,2023-03-11T20:56:50.344415Z,1212,C18N4HK9,418,"English, Italian",30,Male,White,Italy,Italy,Italy,Italian,Yes,Part-Time
640ce54f265aa118074c7a34,cc1f3bc6-c0fd-4f6d-980b-a786d7c1d227,APPROVED,2023-03-11T20:32:33.223000Z,2023-03-11T20:55:55.560000Z,2023-03-11T20:55:56.036000,2023-03-11T20:55:55.972322Z,1403,C18N4HK9,968,"English, Italian, French, Spanish",37,Male,White,Italy,Italy,Italy,Italian,No,Full-Time
640ce555a5f2cec8f2a4938a,49bf07ca-70ac-41ab-8ed5-4775e8ae73dd,APPROVED,2023-03-11T20:33:06.682000Z,2023-03-11T20:41:38.973000Z,2023-03-11T20:41:39.447000,2023-03-11T20:41:39.378878Z,513,C18N4HK9,250,English,26,Female,Black,South Africa,South Africa,South Africa,English,Yes,Full-Time
640ce55de4faab32a0011056,970f40f0-f55b-45c9-9973-42859fc03f27,APPROVED,2023-03-11T20:32:29.384000Z,2023-03-11T20:40:49.040000Z,2023-03-11T20:40:49.521000,2023-03-11T20:40:49.449345Z,500,C18N4HK9,201,"English, Portuguese, Spanish, Italian",23,Female,White,Portugal,Portugal,Portugal,Portuguese,Yes,Part-Time
640ce55e16597726210c7a14,f1073933-a6e1-467b-8f15-1b5e7733f744,APPROVED,2023-03-11T20:32:30.255000Z,2023-03-11T20:53:24.665000Z,2023-03-11T20:53:25.206000,2023-03-11T20:53:25.113388Z,1255,C18N4HK9,300,English,27,Female,DATA_EXPIRED,South Africa,South Africa,South Africa,English,DATA_EXPIRED,DATA_EXPIRED
640ce55efa49b159a36ce6bd,1ff2a4d4-441e-4ca6-8ee8-85c574cbbed5,APPROVED,2023-03-11T20:32:30.977000Z,2023-03-11T20:50:49.842000Z,2023-03-11T20:50:50.262000,2023-03-11T20:50:50.192471Z,1099,C18N4HK9,300,English,52,Female,Black,South Africa,South Africa,South Africa,English,No,Part-Time
640ce56fa10e1b2f1b417644,527b8e48-4f9b-47b0-8942-b1b83c0c0ba4,APPROVED,2023-03-11T20:33:22.196000Z,2023-03-11T20:49:20.775000Z,2023-03-11T20:49:21.216000,2023-03-11T20:49:21.128445Z,959,C18N4HK9,491,"English, Tagalog-Filipino",27,Male,Mixed,Philippines,Canada,Canada,English,No,Full-Time
640ce816f05c6037d46ce65f,df7611f4-bbba-4819-8763-a31336525ab0,APPROVED,2023-03-11T20:44:06.265000Z,2023-03-11T20:55:13.679000Z,2023-03-11T20:55:14.203000,2023-03-11T20:55:14.123850Z,668,C18N4HK9,61,"English, Portuguese",22,Male,White,Portugal,Portugal,Portugal,Portuguese,Yes,Unemployed (and job seeking)
640ce9ddbfaef6a8230c79cb,acbd16c6-f377-48c8-a2a0-6c1a16ca41dc,APPROVED,2023-03-11T20:51:41.031000Z,2023-03-11T20:57:30.474000Z,2023-03-11T20:57:30.962000,2023-03-11T20:57:30.889315Z,350,C18N4HK9,1093,"German, English",45,Male,White,United States,Germany,Germany,German,No,DATA_EXPIRED
640ce9dde8bbe68ec3417602,a51840c2-3f46-4aa5-a2f9-df4cff12b349,APPROVED,2023-03-11T20:51:41.907000Z,2023-03-11T21:02:24.206000Z,2023-03-11T21:02:24.706000,2023-03-11T21:02:24.638104Z,643,C18N4HK9,1559,"English, German",31,Male,White,Russian Federation,Germany,Germany,German,No,Full-Time
640ce9de117c965d6f4dd099,d0d6b7cb-8f5b-4fe0-bb85-a0b445556e7a,APPROVED,2023-03-11T20:51:47.580000Z,2023-03-11T21:04:15.799000Z,2023-03-11T21:04:16.336000,2023-03-11T21:04:16.273955Z,749,C18N4HK9,298,"Polish, English, Ukrainian, Russian",21,Male,White,Poland,Poland,Poland,Polish,No,Full-Time
640ce9e59d7029b31cd946d6,f34d9af8-c227-47b4-8015-c657a99b3fc6,APPROVED,2023-03-11T20:51:49.257000Z,2023-03-11T21:17:09.617000Z,2023-03-11T21:17:12.536000,2023-03-11T21:17:12.469919Z,1521,C18N4HK9,260,"English, Polish",20,Female,White,Poland,Poland,Poland,Polish,No,Full-Time
640ce9e646624f726c4dd085,fd1d3030-4005-499e-9e06-57570186860a,APPROVED,2023-03-11T20:51:50.904000Z,2023-03-11T21:07:33.369000Z,2023-03-11T21:07:33.786000,2023-03-11T21:07:33.731366Z,943,C18N4HK9,227,"English, Polish",21,Female,White,Poland,Poland,Poland,Polish,Yes,Unemployed (and job seeking)
640ce9e87346cfca9d756357,ae9a4c25-2742-404e-ad41-5b0351225ea5,APPROVED,2023-03-11T20:51:52.388000Z,2023-03-11T21:03:07.384000Z,2023-03-11T21:03:07.871000,2023-03-11T21:03:07.811911Z,675,C18N4HK9,1107,English,55,Female,White,United Kingdom,United Kingdom,United Kingdom,English,DATA_EXPIRED,"Not in paid work (e.g. homemaker', 'retired or disabled)"
640ce9e9338d6f5979e54665,548202cd-d001-447e-ac38-967ef03a4db3,APPROVED,2023-03-11T20:51:53.580000Z,2023-03-11T21:04:42.958000Z,2023-03-11T21:04:44.229000,2023-03-11T21:04:44.158729Z,770,C18N4HK9,578,"English, Polish",39,Female,White,Poland,Poland,Poland,Polish,No,Full-Time
640cea44431691ecbfbcd3ec,6d4fe651-ca4f-4274-b15e-e94b3a499590,APPROVED,2023-03-11T21:01:04.626000Z,2023-03-11T21:04:46.844000Z,2023-03-11T21:04:47.303000,2023-03-11T21:04:47.225103Z,223,C18N4HK9,1283,English,44,Female,White,United Kingdom,United Kingdom,United Kingdom,English,No,Part-Time
640cebc00528ea67fce54643,4f154643-75b5-4a25-82a0-a30b76c8e1ad,APPROVED,2023-03-11T20:59:44.761000Z,2023-03-11T21:22:30.097000Z,2023-03-11T21:22:31.232000,2023-03-11T21:22:31.142866Z,1366,C18N4HK9,1029,"English, German, Polish, Portuguese, Russian",27,Male,White,Poland,Poland,Poland,Polish,DATA_EXPIRED,DATA_EXPIRED
640ced352a76927273f4a747,cc109c31-d373-4e70-a089-84b6cd1d0dc0,APPROVED,2023-03-11T21:06:38.890000Z,2023-03-11T21:17:01.873000Z,2023-03-11T21:17:02.399000,2023-03-11T21:17:02.332227Z,623,C18N4HK9,79,English,26,Male,White,United Kingdom,United Kingdom,United Kingdom,English,No,Full-Time
640ced368c17600945722010,1472388c-61ed-46ee-a204-eea2cb58b69f,APPROVED,2023-03-11T21:06:03.490000Z,2023-03-11T21:13:02.944000Z,2023-03-11T21:13:03.919000,2023-03-11T21:13:03.847774Z,420,C18N4HK9,412,"English, Portuguese",25,Male,White,Portugal,Portugal,Portugal,Portuguese,Yes,Other
640ced36e02f58742f4c7a2c,552b219e-1054-4407-acb6-44e5939179f6,APPROVED,2023-03-11T21:06:07.662000Z,2023-03-11T21:13:02.685000Z,2023-03-11T21:13:03.103000,2023-03-11T21:13:03.040769Z,416,C18N4HK9,347,"Polish, English",27,Male,White,Poland,Poland,Poland,Polish,No,Full-Time
640ced37e0c42b29dc721fe5,f4239535-d9dc-42e8-8c35-50496ffdba05,APPROVED,2023-03-11T21:07:15.085000Z,2023-03-11T21:16:17.980000Z,2023-03-11T21:16:20.993000,2023-03-11T21:16:20.917322Z,543,C18N4HK9,2520,"English, Hungarian",29,Male,White,Hungary,Hungary,Hungary,Hungarian,Yes,Full-Time
640ced3de3cb314488a9ec0b,675d5a4f-4772-4b6d-bee2-41163a952b48,APPROVED,2023-03-11T21:06:05.363000Z,2023-03-11T21:12:38.480000Z,2023-03-11T21:12:40.058000,2023-03-11T21:12:39.997594Z,394,C18N4HK9,496,"English, Italian",32,Female,White,Italy,Italy,Italy,Italian,DATA_EXPIRED,DATA_EXPIRED
640ced3f263ac908186ce693,a290e6ef-b661-4fd9-9f92-4863607d4b7d,APPROVED,2023-03-11T21:06:07.980000Z,2023-03-11T21:11:17.110000Z,2023-03-11T21:11:17.553000,2023-03-11T21:11:17.483610Z,310,C18N4HK9,630,English,39,Female,Asian,Vietnam,United Kingdom,Vietnam,Vietnamese,No,Full-Time
640ced3f4c8211cfb99d4df5,91ef9098-4f18-4d2d-a8a0-f2b3766d81aa,APPROVED,2023-03-11T21:06:10.646000Z,2023-03-11T21:14:09.175000Z,2023-03-11T21:14:09.654000,2023-03-11T21:14:09.593611Z,479,C18N4HK9,695,English,37,Female,White,United States,United Kingdom,Australia,English,DATA_EXPIRED,Full-Time
640ced3fd489922cdfe29b38,a9335800-0f54-4712-aa32-6ebeae071c1f,APPROVED,2023-03-11T21:06:16.873000Z,2023-03-11T21:19:03.149000Z,2023-03-11T21:19:03.642000,2023-03-11T21:19:03.572833Z,767,C18N4HK9,47,English,45,Female,Asian,Mongolia,Germany,Mongolia,English,No,Full-Time
640ced40b5ebf301f4cb62d8,ca3e0619-dc3d-4f31-9df1-956c31d47a9e,APPROVED,2023-03-11T21:06:18.273000Z,2023-03-11T21:17:52.087000Z,2023-03-11T21:17:52.848000,2023-03-11T21:17:52.785235Z,694,C18N4HK9,163,English,51,Female,White,United Kingdom,United Kingdom,United Kingdom,English,No,Full-Time
640ced40b9c9c987dcee8302,1441cd53-5e88-421c-96c9-1ebae1cfc25a,APPROVED,2023-03-11T21:06:12.682000Z,2023-03-11T21:13:32.892000Z,2023-03-11T21:13:33.654000,2023-03-11T21:13:33.352990Z,441,C18N4HK9,858,"English, Italian, Spanish",41,Female,White,Italy,United Kingdom,Italy,Italian,No,Part-Time
640cf019f698f4e739ccdda8,3520af7f-ed54-4b0c-882e-0430da669c30,APPROVED,2023-03-11T21:18:20.131000Z,2023-03-11T21:30:00.325000Z,2023-03-11T21:30:00.805000,2023-03-11T21:30:00.729441Z,701,C18N4HK9,297,"English, German",33,Male,White,United Kingdom,United Kingdom,United Kingdom,English,No,DATA_EXPIRED
640cf211cb537ca1aa721fef,7822c18c-2c05-430b-bc1b-fdc45d0b0892,APPROVED,2023-03-11T21:26:56.355000Z,2023-03-11T21:41:30.407000Z,2023-03-11T21:41:33.047000,2023-03-11T21:41:30.992946Z,875,C18N4HK9,703,"Greek, English",33,Male,White,Greece,Greece,Greece,Greek,No,Part-Time
640cf2144beb11c2902bec94,e430b04e-102c-4c0f-a10c-ec24b9846f2f,APPROVED,2023-03-11T21:26:48.670000Z,2023-03-11T21:41:54.006000Z,2023-03-11T21:41:54.503000,2023-03-11T21:41:54.433707Z,906,C18N4HK9,431,English,38,Male,Mixed,United Kingdom,United Kingdom,United Kingdom,English,No,Full-Time
640cf2147dc58821934dd067,4b28d11c-34b9-4163-a51d-9823d3805997,APPROVED,2023-03-11T21:26:47.591000Z,2023-03-11T21:35:49.106000Z,2023-03-11T21:35:50.078000,2023-03-11T21:35:49.994332Z,542,C18N4HK9,396,"English, Polish",20,Male,White,Poland,Poland,Poland,Polish,No,Full-Time
640cf215ff9e494eaa4be61c,1dc49336-e0ce-4548-9bc3-b4bb266b6559,APPROVED,2023-03-11T21:26:45.957000Z,2023-03-11T21:33:11.948000Z,2023-03-11T21:33:12.470000,2023-03-11T21:33:12.404600Z,386,C18N4HK9,61,"Portuguese, Spanish, English",23,Male,White,Portugal,Portugal,Portugal,Portuguese,Yes,Full-Time
640cf217b44555a6114c7a3f,6835f461-796e-4ecf-a1f7-5c8c00a57f16,APPROVED,2023-03-11T21:27:11.851000Z,2023-03-11T21:35:45.738000Z,2023-03-11T21:35:46.227000,2023-03-11T21:35:46.168263Z,514,C18N4HK9,1346,"English, Polish, Spanish",38,Male,White,Poland,United Kingdom,United Kingdom,Polish,No,Full-Time
640cf218c5cd9934206ce682,5d531df3-b32c-41dc-932d-2e538930f578,APPROVED,2023-03-11T21:27:02.497000Z,2023-03-11T21:35:56.336000Z,2023-03-11T21:35:56.833000,2023-03-11T21:35:56.769847Z,534,C18N4HK9,63,English,30,Male,White,United Kingdom,United Kingdom,United Kingdom,English,No,Full-Time
640cf218f9d0a775bcef93cf,49301f6d-3bf6-432f-8da6-6e6144b7421d,APPROVED,2023-03-11T21:26:48.832000Z,2023-03-11T21:33:15.374000Z,2023-03-11T21:33:15.797000,2023-03-11T21:33:15.735301Z,387,C18N4HK9,292,English,46,Male,White,United Kingdom,United Kingdom,United Kingdom,English,No,Part-Time
640cf24a546c1be85ba55491,3b52434a-dd35-4f5c-a643-4e5a3d0b7228,APPROVED,2023-03-11T21:27:53.892000Z,2023-03-11T21:41:29.618000Z,2023-03-11T21:41:32.776000,2023-03-11T21:41:30.061006Z,816,C18N4HK9,137,"English, Polish",20,Female,White,Poland,Poland,Poland,Polish,Yes,Unemployed (and job seeking)
640cf2519d459adf6f4dd061,ceeaa3c2-dc98-42f8-9fcc-cec6cb653cbb,APPROVED,2023-03-11T21:29:23.796000Z,2023-03-11T21:36:25.308000Z,2023-03-11T21:36:25.806000,2023-03-11T21:36:25.739824Z,422,C18N4HK9,31,English,29,Female,Asian,China,Netherlands,China,Chinese,Yes,Full-Time
640cf25d92bf2bf1a2d511de,1a172dba-96fb-415b-b263-821b3829c777,APPROVED,2023-03-11T21:29:05.506000Z,2023-03-11T21:41:19.015000Z,2023-03-11T21:41:19.549000,2023-03-11T21:41:19.483825Z,734,C18N4HK9,103,"Afrikaans, English",32,Female,Black,South Africa,South Africa,South Africa,English,DATA_EXPIRED,DATA_EXPIRED
640cf2655dc6675dfa8c668b,5942d442-b259-4731-8cee-1747eee709f3,APPROVED,2023-03-11T21:28:09.158000Z,2023-03-11T21:34:50.016000Z,2023-03-11T21:34:50.439000,2023-03-11T21:34:50.377705Z,401,C18N4HK9,93,"Portuguese, English",26,Female,White,Portugal,Portugal,Portugal,Portuguese,No,Part-Time
640cf272e55fcc197dccddab,1a0baa7e-051c-47a4-af3d-d659da56838d,APPROVED,2023-03-11T21:28:30.693000Z,2023-03-11T21:41:19.772000Z,2023-03-11T21:41:20.282000,2023-03-11T21:41:20.221989Z,770,C18N4HK9,57,English,20,Female,Black,South Africa,South Africa,South Africa,English,Yes,"Not in paid work (e.g. homemaker', 'retired or disabled)"
640cf27d7bd4dd374682f097,c397041f-ba4a-4927-809b-887291f06e55,APPROVED,2023-03-11T21:28:33.415000Z,2023-03-11T21:36:35.934000Z,2023-03-11T21:36:36.420000,2023-03-11T21:36:36.319505Z,483,C18N4HK9,679,English,33,Female,White,United Kingdom,United Kingdom,United Kingdom,English,DATA_EXPIRED,DATA_EXPIRED
640cf299c5dca97a22c94706,df664682-d36b-458c-a511-5de58ba5bbcc,APPROVED,2023-03-11T21:28:57.475000Z,2023-03-11T21:45:43.735000Z,2023-03-11T21:45:44.229000,2023-03-11T21:45:44.166577Z,1007,C18N4HK9,384,"Portuguese, English",21,Female,White,Portugal,Portugal,Portugal,Portuguese,Yes,Part-Time
640cf736a92da3013e4dd0a3,f192f03d-9ce8-4c40-880d-69698025b280,APPROVED,2023-03-11T21:48:38.269000Z,2023-03-11T22:07:57.948000Z,2023-03-11T22:07:58.487000,2023-03-11T22:07:58.422973Z,1160,C18N4HK9,768,"English, German",25,Male,White,Poland,Poland,Poland,Polish,Yes,Full-Time
640cf7378f1b44a54f43de62,f0059dca-67e1-458f-8a6c-caee4833d0a3,APPROVED,2023-03-11T21:48:39.805000Z,2023-03-11T21:55:08.994000Z,2023-03-11T21:55:09.587000,2023-03-11T21:55:09.508914Z,390,C18N4HK9,696,"English, Polish, German",25,Male,White,Poland,Poland,Poland,Polish,Yes,Full-Time
640cf7385010b0e3f0c946ef,e753d2a4-d1d7-44d7-9833-3289a878aac1,APPROVED,2023-03-11T21:48:40.792000Z,2023-03-11T21:57:11.931000Z,2023-03-11T21:57:12.429000,2023-03-11T21:57:12.367335Z,512,C18N4HK9,819,"English, Spanish",35,Male,White,Spain,Spain,Spain,Spanish,No,Full-Time
640cf7389ff39b74af5588df,b8e38c9a-9785-4f18-a39e-779fdc552520,APPROVED,2023-03-11T21:49:11.294000Z,2023-03-11T21:57:57.739000Z,2023-03-11T21:57:58.364000,2023-03-11T21:57:58.305795Z,527,C18N4HK9,250,"Arabic, English",34,Male,White,United States,United Kingdom,United States,English,Yes,Full-Time
640cf7399b017eb30e0c7a0d,602eabb0-e986-46f5-8261-ddeac56ae310,APPROVED,2023-03-11T21:48:41.092000Z,2023-03-11T21:58:14.807000Z,2023-03-11T21:58:15.273000,2023-03-11T21:58:15.195935Z,574,C18N4HK9,118,"Portuguese, English",21,Male,White,Portugal,Portugal,Portugal,Portuguese,Yes,Unemployed (and job seeking)
640cf74ed053bf8956a49352,6292811a-f508-48a0-b1cd-afdbaf0a2189,APPROVED,2023-03-11T21:49:02.260000Z,2023-03-11T21:55:02.064000Z,2023-03-11T21:55:02.838000,2023-03-11T21:55:02.744455Z,360,C18N4HK9,65,"English, French, Spanish",22,Female,Other,Mexico,Mexico,Mexico,Spanish,Yes,Unemployed (and job seeking)
640cf7513eae169fe9f2e29f,666fae11-2777-4461-861c-478d1d394936,APPROVED,2023-03-11T21:49:06.286000Z,2023-03-11T22:17:06.543000Z,2023-03-11T22:17:07.033000,2023-03-11T22:17:06.969657Z,1681,C18N4HK9,706,"English, Hindi, German",30,Male,Asian,India,Germany,India,English,No,Full-Time
640cf767fb71594588ee8304,9a5d733a-b39b-462b-9c54-1b4ef33a0742,APPROVED,2023-03-11T21:49:33.947000Z,2023-03-11T22:09:26.140000Z,2023-03-11T22:09:26.565000,2023-03-11T22:09:26.495963Z,1193,C18N4HK9,746,"English, French, Russian, Hebrew",46,Male,White,Kazakhstan,Israel,Israel,English,No,Full-Time
640cf78ded0d57db3ce54696,a3661660-ba84-4a0b-9f9c-b3b8b215ddc1,APPROVED,2023-03-11T21:50:05Z,2023-03-11T22:01:18.806000Z,2023-03-11T22:01:19.308000,2023-03-11T22:01:19.228961Z,674,C18N4HK9,180,"English, Portuguese",22,Female,White,Portugal,Portugal,Portugal,Portuguese,DATA_EXPIRED,"Not in paid work (e.g. homemaker', 'retired or disabled)"
640cf7e45b79c246aebf83b6,f23cb275-59e5-46c0-befe-9d30e83d2e64,APPROVED,2023-03-11T21:51:32.091000Z,2023-03-11T21:59:12.631000Z,2023-03-11T21:59:13.139000,2023-03-11T21:59:13.069485Z,461,C18N4HK9,396,"English, Italian",22,Female,White,Italy,Italy,Italy,Italian,Yes,Unemployed (and job seeking)
640cf7e61205b97ffe756352,2f4d03c0-925f-43a1-84c8-08536a6edc09,APPROVED,2023-03-11T21:51:38.621000Z,2023-03-11T22:00:08.099000Z,2023-03-11T22:00:09.302000,2023-03-11T22:00:09.227100Z,510,C18N4HK9,444,"Catalan, English, Spanish",24,Female,White,Spain,Spain,Spain,Spanish,No,Part-Time
640cf9c23a420c20e2721feb,a9616b22-18cb-4fcc-ab66-f403c21e3d2e,APPROVED,2023-03-11T21:59:39.177000Z,2023-03-11T22:12:14.202000Z,2023-03-11T22:12:14.676000,2023-03-11T22:12:14.618921Z,756,C18N4HK9,2280,English,31,Male,White,United Kingdom,United Kingdom,United Kingdom,English,No,Full-Time
640cf9c25819687c284be5ed,54fb7b20-1ab5-42b0-9fb5-245163ed5f16,APPROVED,2023-03-11T21:59:30.443000Z,2023-03-11T22:13:32.614000Z,2023-03-11T22:13:33.073000,2023-03-11T22:13:33.013044Z,843,C18N4HK9,186,"English, German, Polish",20,Male,White,Poland,Poland,Poland,Polish,Yes,Part-Time
640cf9c75d7a340e338c669e,9e05f056-4a19-4453-8a30-e13d26d4de05,APPROVED,2023-03-11T22:00:07.268000Z,2023-03-11T22:13:39.205000Z,2023-03-11T22:13:39.718000,2023-03-11T22:13:39.652641Z,812,C18N4HK9,81,"Dutch, English",25,Male,White,Netherlands,Netherlands,Netherlands,Dutch,Yes,Full-Time
640cf9c86f080609cf92d6f7,af23210a-a011-4764-b386-97d8c7778b97,APPROVED,2023-03-11T21:59:36.621000Z,2023-03-11T22:08:10.965000Z,2023-03-11T22:08:12.217000,2023-03-11T22:08:12.154880Z,515,C18N4HK9,285,"Hungarian, English",23,Male,White,Hungary,Hungary,Hungary,Hungarian,DATA_EXPIRED,DATA_EXPIRED
640cf9c8f51cbd68cee54666,52ae6168-3aba-4dcf-8633-d3098806e6f3,APPROVED,2023-03-11T22:04:42.664000Z,2023-03-11T22:12:34.317000Z,2023-03-11T22:12:34.787000,2023-03-11T22:12:34.722502Z,472,C18N4HK9,201,"English, Spanish",24,Male,White,Spain,Spain,Spain,Spanish,Yes,Other
640cf9ce2dfa55558fd5a1d7,7285dfe1-9d15-4d01-a70e-2caab5b632f8,APPROVED,2023-03-11T21:59:42.275000Z,2023-03-11T22:07:52.377000Z,2023-03-11T22:07:53.844000,2023-03-11T22:07:53.784829Z,491,C18N4HK9,52,"Spanish, English, Portuguese",23,Female,White,Portugal,Portugal,Portugal,Portuguese,Yes,Unemployed (and job seeking)
640cf9cf04c2d41537ccdd6a,8d4838b4-4631-418f-8969-bea67e51d9b1,APPROVED,2023-03-11T21:59:43.072000Z,2023-03-11T22:16:02.627000Z,2023-03-11T22:16:04.136000,2023-03-11T22:16:04.074732Z,980,C18N4HK9,126,"English, Polish",22,Female,White,Poland,Poland,Poland,Polish,DATA_EXPIRED,DATA_EXPIRED
640cf9d28f1b44a54f43de93,ef2d5710-f770-42b1-8f4c-1d1514859429,APPROVED,2023-03-11T21:59:46.735000Z,2023-03-11T22:04:23.879000Z,2023-03-11T22:04:24.500000,2023-03-11T22:04:24.436683Z,278,C18N4HK9,225,"English, German, Polish",20,Female,White,Poland,Poland,Poland,Polish,DATA_EXPIRED,DATA_EXPIRED
640cf9d2cab6267892722002,65782cc7-ea7a-4a4d-a07e-e719fa4cfbe7,APPROVED,2023-03-11T21:59:46.392000Z,2023-03-11T22:09:55.695000Z,2023-03-11T22:09:56.096000,2023-03-11T22:09:56.034677Z,610,C18N4HK9,135,"English, Portuguese",20,Female,White,Portugal,Portugal,Portugal,Portuguese,Yes,Other
640cf9d5a9ae40231df5fb03,feb5872f-0555-470c-bb46-0ae2ef8db911,APPROVED,2023-03-11T21:59:49.393000Z,2023-03-11T22:09:47.072000Z,2023-03-11T22:09:47.593000,2023-03-11T22:09:47.524147Z,598,C18N4HK9,29,"Czech, English",20,Female,White,Czech Republic,Czech Republic,Czech Republic,Czech,Yes,Unemployed (and job seeking)
640cfaae8dd3cf77266ce664,d067a0b6-79a5-4f32-a28d-1fe7488eb1ff,APPROVED,2023-03-11T22:03:26.084000Z,2023-03-11T22:15:34.112000Z,2023-03-11T22:15:34.589000,2023-03-11T22:15:34.512655Z,729,C18N4HK9,328,"Polish, English",22,Female,White,Poland,Poland,Poland,Polish,Yes,"Not in paid work (e.g. homemaker', 'retired or disabled)"
640cfbf8acc6bf8553c9472e,b6ef9081-9c03-4d37-b641-f63cf4a6c312,APPROVED,2023-03-11T22:08:59.610000Z,2023-03-11T22:19:05.699000Z,2023-03-11T22:19:06.259000,2023-03-11T22:19:06.191003Z,607,C18N4HK9,110,"Hindi, Gujarati, English, Urdu",29,Male,Asian,India,United Kingdom,India,English,No,Part-Time
640cfbf9062be5d117a554ec,506757ad-4432-41bb-bc43-8ccfce221b87,APPROVED,2023-03-11T22:09:21.642000Z,2023-03-11T22:25:26.659000Z,2023-03-11T22:25:27.313000,2023-03-11T22:25:27.238214Z,966,C18N4HK9,51,English,32,Male,White,United States,United States,United States,English,No,"Not in paid work (e.g. homemaker', 'retired or disabled)"
640cfc0107aa636576ef936c,2fd9acd2-ff94-475b-89d8-6bcf43e06f64,APPROVED,2023-03-11T22:09:05.829000Z,2023-03-11T22:19:25.167000Z,2023-03-11T22:19:26.059000,2023-03-11T22:19:25.992324Z,620,C18N4HK9,295,"English, French, Italian, Polish, Spanish",28,Female,White,Poland,Spain,Poland,Polish,Yes,Unemployed (and job seeking)
640cfc0390f8e43777a554c8,7773a70c-8f71-46c0-abbf-7e6957ee4252,APPROVED,2023-03-11T22:09:07.803000Z,2023-03-11T22:24:57.987000Z,2023-03-11T22:24:58.476000,2023-03-11T22:24:58.409331Z,951,C18N4HK9,227,English,20,Female,White,Poland,Poland,Poland,Polish,Yes,"Not in paid work (e.g. homemaker', 'retired or disabled)"
640cfc34568fd33cae56a465,8ae66fa0-a4e2-4ae8-8d2c-421441330881,APPROVED,2023-03-11T22:10:01.821000Z,2023-03-11T22:24:37.122000Z,2023-03-11T22:24:37.668000,2023-03-11T22:24:37.602816Z,876,C18N4HK9,484,"Portuguese, English",59,Female,White,Portugal,Portugal,Portugal,Portuguese,No,Unemployed (and job seeking)
640d02a761ff9ee15e9d4e0e,d5ed18d2-db6c-466e-b7a2-8944bda53832,APPROVED,2023-03-11T22:38:14.071000Z,2023-03-11T23:01:19.885000Z,2023-03-11T23:01:20.325000,2023-03-11T23:01:20.264452Z,1386,C18N4HK9,62,"English, Slovenian",20,Female,White,Slovenia,Slovenia,Slovenia,Slovenian,Yes,Other
640d02b82a726c7fa46ce6a2,e6624cd6-c7d8-4630-b501-a783d5be6ef7,APPROVED,2023-03-11T22:37:44.775000Z,2023-03-11T22:44:47.524000Z,2023-03-11T22:44:47.943000,2023-03-11T22:44:47.883267Z,423,C18N4HK9,122,English,41,Male,White,United Kingdom,United Kingdom,United Kingdom,English,DATA_EXPIRED,DATA_EXPIRED
640d02c5fd172818afe54637,289ff773-3341-438d-9d4a-ae0067eecdaa,APPROVED,2023-03-11T22:37:57.100000Z,2023-03-11T22:44:19.832000Z,2023-03-11T22:44:20.321000,2023-03-11T22:44:20.260539Z,383,C18N4HK9,205,"Polish, English",24,Male,White,Poland,Poland,Poland,Polish,Yes,Full-Time
640d02c6e2dc91f8524c7a41,2ebd2f6b-4e6e-40a5-8bb1-333a5f8ad440,APPROVED,2023-03-11T22:37:58.978000Z,2023-03-11T22:55:33.692000Z,2023-03-11T22:55:34.179000,2023-03-11T22:55:34.101832Z,1055,C18N4HK9,242,"English, Portuguese",24,Female,White,Portugal,Portugal,Portugal,Portuguese,No,Full-Time
640d02dfadb23d2adb4dd0aa,ff9cd6aa-0fa4-48fe-a506-44ed0c1cb7b9,APPROVED,2023-03-11T22:38:28.098000Z,2023-03-11T22:51:08.945000Z,2023-03-11T22:51:09.404000,2023-03-11T22:51:09.333021Z,761,C18N4HK9,73,"English, Spanish",31,Male,White,Argentina,Netherlands,Argentina,Spanish,DATA_EXPIRED,DATA_EXPIRED
640d02e868bf147336ef93d7,f62573eb-c3bc-434a-9456-bb8c50f8bc17,APPROVED,2023-03-11T22:38:35.467000Z,2023-03-11T23:12:18.087000Z,2023-03-11T23:12:18.524000,2023-03-11T23:12:18.460217Z,2023,C18N4HK9,158,"English, Portuguese",23,Male,White,Portugal,Portugal,Portugal,Portuguese,Yes,"Not in paid work (e.g. homemaker', 'retired or disabled)"
640d02ee4c4fbba548ef9381,cd4bb209-8289-4f70-a3fe-e25134bfebd2,APPROVED,2023-03-11T22:38:45.258000Z,2023-03-11T22:55:04.795000Z,2023-03-13T08:52:57.744000,2023-03-11T22:55:05.159563Z,980,NOCODE,85,English,20,Female,Black,South Africa,South Africa,South Africa,English,Yes,Unemployed (and job seeking)
640d02ef0a8f38cb03558909,02986d7c-8d3e-48b4-929e-e01de252bb37,APPROVED,2023-03-11T22:38:44.946000Z,2023-03-11T22:47:53.446000Z,2023-03-11T22:47:53.888000,2023-03-11T22:47:53.825177Z,549,C18N4HK9,101,"Afrikaans, English, Italian",21,Female,Black,South Africa,South Africa,South Africa,English,Yes,Part-Time
640d02eff66aca41b0db3c19,4d5699b5-b735-4b41-9a58-25d47dfbde61,APPROVED,2023-03-11T22:38:39.385000Z,2023-03-11T22:43:42.682000Z,2023-03-11T22:43:43.161000,2023-03-11T22:43:43.084615Z,304,C18N4HK9,203,"English, French, Portuguese, Spanish",22,Male,White,Portugal,Portugal,Portugal,Portuguese,Yes,Other
640d02fd26ada69002ccdda9,5ee3031a-2ed9-4b38-8d6d-5e360b4885e9,APPROVED,2023-03-11T22:39:37.961000Z,2023-03-11T23:01:28.922000Z,2023-03-11T23:01:29.468000,2023-03-11T23:01:29.404891Z,1311,C18N4HK9,124,English,37,Male,Black,South Africa,South Africa,South Africa,English,Yes,Full-Time
640d0313fc261a437c4be61c,9b784ff3-e0f8-4cb8-a10c-23975147e37d,APPROVED,2023-03-11T22:39:15.070000Z,2023-03-11T23:02:34.854000Z,2023-03-11T23:02:35.268000,2023-03-11T23:02:35.195448Z,1400,C18N4HK9,126,"Portuguese, English, Spanish, French",21,Male,White,Portugal,Portugal,Portugal,Portuguese,Yes,Other
640d032a6e965a95f81a166b,c822f50c-c155-4186-a0ca-57f7aec61d4e,APPROVED,2023-03-11T22:39:54.706000Z,2023-03-11T22:48:43.934000Z,2023-03-11T22:48:44.473000,2023-03-11T22:48:44.407786Z,530,C18N4HK9,45,"Portuguese, English",34,Male,White,Portugal,Portugal,Portugal,Portuguese,No,Full-Time
640d0330fe7406ac8df4a73f,1225f945-3c88-40ae-9d72-bea762df9cf6,APPROVED,2023-03-11T22:39:44.809000Z,2023-03-11T22:45:52.786000Z,2023-03-11T22:45:53.460000,2023-03-11T22:45:53.388551Z,368,C18N4HK9,150,"English, Polish",20,Female,White,Poland,Poland,Poland,Polish,Yes,Part-Time
640d0353935e470b64f4a725,7339a1d4-aada-41bf-8f31-df477d97bef8,APPROVED,2023-03-11T22:40:22.094000Z,2023-03-11T22:49:47.396000Z,2023-03-11T22:49:47.912000,2023-03-11T22:49:47.840033Z,566,C18N4HK9,124,"Portuguese, English",21,Female,White,Portugal,Portugal,Portugal,Portuguese,Yes,Other
640d035934c1211b67a9ebe1,c0f3a9d8-7dd5-49aa-992d-3d2d117a35df,APPROVED,2023-03-11T22:40:25.200000Z,2023-03-11T22:48:31.151000Z,2023-03-11T22:48:31.651000,2023-03-11T22:48:31.589027Z,486,C18N4HK9,290,"Portuguese, English",24,Female,White,Portugal,Portugal,Portugal,Portuguese,Yes,Unemployed (and job seeking)
640d037c68831571e472200f,a9ca0c1e-a59c-43b9-8795-79bce64ad14c,APPROVED,2023-03-11T22:41:04.668000Z,2023-03-11T22:50:56.826000Z,2023-03-11T22:50:57.281000,2023-03-11T22:50:57.222827Z,593,C18N4HK9,104,"Czech, English, Polish, Slovak",21,Female,White,Czech Republic,Czech Republic,Czech Republic,Czech,No,Full-Time
640d0562545d9b01b375635f,85dc914a-3ecc-44b3-954d-b45681febb16,APPROVED,2023-03-11T22:49:18.156000Z,2023-03-11T23:02:56.683000Z,2023-03-11T23:02:57.156000,2023-03-11T23:02:57.074050Z,819,C18N4HK9,45,"Nepali, Hindi, English",26,Male,Asian,Nepal,Australia,Nepal,Nepali,No,Full-Time
640d0b62cd8f2d791e8c669f,97ea41c5-2a01-44a2-8d7c-797dcb5fb727,APPROVED,2023-03-11T23:14:44.443000Z,2023-03-11T23:24:11.361000Z,2023-03-11T23:24:11.944000,2023-03-11T23:24:11.871103Z,567,C18N4HK9,246,"Polish, English",22,Female,White,Poland,Poland,Poland,Polish,Yes,Part-Time
640d0b7d8737054fa92becfa,5ef08532-f678-4217-b130-555647fea1e1,APPROVED,2023-03-11T23:15:09.039000Z,2023-03-11T23:22:52.389000Z,2023-03-11T23:22:52.939000,2023-03-11T23:22:52.879381Z,464,C18N4HK9,436,"English, French, Portuguese, Spanish",23,Female,White,Portugal,Portugal,Portugal,Portuguese,Yes,Part-Time
640d0b7f4b3ad0eecb1a16cc,4ac72177-ab61-40ac-96f7-b30995343665,APPROVED,2023-03-11T23:15:11.867000Z,2023-03-11T23:18:27.305000Z,2023-03-11T23:18:27.779000,2023-03-11T23:18:27.707543Z,196,C18N4HK9,1,"Dutch, English",29,Male,Asian,Netherlands,Netherlands,Netherlands,Dutch,No,Unemployed (and job seeking)
640d0b7fc9bed805a6ee8304,95e221ae-0602-407b-851c-9c9e8c992cd3,APPROVED,2023-03-11T23:18:34.287000Z,2023-03-11T23:24:30.011000Z,2023-03-11T23:24:32.684000,2023-03-11T23:24:32.611830Z,356,C18N4HK9,517,"English, Spanish, Portuguese",27,Male,White,Portugal,Portugal,Portugal,English,Yes,Other
